driverId,name,ssn,location,certified,wage-plan
10,Rodney Sutton,134-10-2132,"147 Daniel Brook Apt. 526
South Lisaburgh, AL 12124",N,hours
11,Heather Chapman,287-78-7887,"6162 Dominique Cape Apt. 746
West Rebecca, MP 45174",N,miles
12,Elizabeth Li,147-52-4787,"31673 Robert Radial Apt. 868
Scottmouth, ME 12635",Y,hours
13,Douglas Reed,529-29-9637,"9125 Garza Parks Apt. 597
Ryanport, TN 23131",N,hours
14,Whitney Page,531-61-3757,"68199 Dawn Gardens Suite 924
North Brenda, PR 65701",N,hours
15,Joseph Carey,740-95-2664,"33826 Villarreal River
East Danielburgh, ID 66593",N,hours
16,Alyssa Brown,468-34-8254,"683 Gregory Shores Suite 653
Lake Alexander, FM 35791",N,miles
17,Melissa Wilson,328-58-8890,"225 Danny Stream
Alyssaland, PW 12211",N,hours
18,Robert Bishop,627-15-2714,"3117 Thomas Route
Hernandezchester, WV 99703",N,hours
19,Cheryl Larson,751-40-5973,"3852 Tamara Unions
Port William, UT 26331",Y,miles
20,Phillip Collins,608-73-1911,"558 Keith Knoll Apt. 290
Lake Jennifer, MI 45948",Y,hours
21,Mr. Christopher Wheeler,218-81-4929,"20529 Rachel Highway Suite 071
Richardfort, PR 16046",N,hours
22,Whitney Lewis,288-95-8251,"024 Thomas Mission Apt. 752
Williamville, WI 91863",N,hours
23,Kathy Rivera,706-57-8646,"8797 Green Meadow Suite 496
Wagnerbury, IL 93168",N,miles
24,Teresa Reeves,455-73-1719,"375 Emily Fords
West Aaron, TN 80173",Y,miles
25,Jonathan Vaughn,072-88-1772,"6805 Jessica Viaduct
Port Paultown, HI 95125",Y,miles
26,Jennifer Gonzalez,764-71-6791,"1824 Castillo Track Apt. 198
Lake Brianhaven, MA 78770",N,hours
27,Sara Osborne,441-35-2591,"390 Frank Camp Suite 066
Courtneyside, CT 18007",Y,miles
28,Anthony Adams,200-73-1660,"89492 Steele Walks Apt. 684
West Chrisside, IL 59151",Y,hours
29,Cynthia Dunn DVM,217-76-9343,"10544 Brittany Creek Apt. 113
Lake Chelsea, OK 64503",N,hours
30,David Mendoza,390-83-8220,"351 Ramirez Pass
South Michael, OR 75013",Y,miles
31,Lauren Austin,576-43-0777,"412 Melissa Common
Michelleton, GU 97551",N,hours
32,Alexandra Hart,355-01-0563,"79828 Brandon Plain Apt. 352
Wardburgh, OR 26010",Y,miles
33,Ann Mclaughlin,737-45-3324,"31156 Michael Walk
Thomasview, MD 26247",Y,miles
34,Candace Smith,643-24-3573,"5250 Lisa Club
Lake Andrew, MP 99756",N,hours
35,Stephanie Erickson,406-27-0980,"36906 Goodman Alley
Jamesstad, OR 09625",Y,miles
36,John Hayden,086-14-6839,"61436 Villegas Port
Johnsonville, MN 16459",Y,miles
37,Darrell Clark,780-79-8962,"94766 Bell Divide
South Albertstad, CA 27156",Y,hours
38,Keith Ramos,800-94-1233,"964 Stacy Isle Suite 189
New Brandonport, ID 33153",Y,miles
39,Shannon Morgan,070-45-8767,"97255 Chavez Green Apt. 524
Lisatown, SD 63213",Y,hours
40,Andrew Dillon,565-79-9546,"17847 George Forge
Ariasview, DE 72797",Y,hours
41,Barbara Robinson,571-75-1292,"804 Fisher Plains
North Johnnyborough, NC 96709",Y,hours
42,Jerome Gardner,160-29-8516,"93713 Jillian Gateway
West Nathan, VT 21951",Y,miles
43,Christy Bernard,720-67-4818,"84749 Howard Curve Apt. 276
Tracymouth, AR 66993",Y,miles
44,Jesse Lewis,712-70-6271,"311 Reeves Hills
West David, NC 86265",N,hours
45,Heather Thompson,329-14-8807,"8290 Alexandra Gardens Suite 195
Shepherdhaven, VI 32590",N,hours
46,Joseph Blake,562-52-1583,"5146 Coleman Skyway Suite 402
Ivanfurt, RI 28464",Y,hours
47,Colin Dixon PhD,784-29-2148,"35638 Morrison Key
Taylorport, TN 66825",Y,miles
48,Daniel Gordon,371-36-8336,"01110 Maria Underpass Suite 820
East Shawnside, NY 33332",N,hours
49,Calvin Murphy,503-05-6766,"808 Heather Loop
New Bradley, IN 16403",Y,hours
50,Pamela Daniels,329-76-0399,"358 Brown Meadows Apt. 401
Elizabethville, AL 31886",N,hours
51,Shelia Mueller,844-12-0686,"618 Jessica Squares Apt. 240
New Coreyland, WY 22214",Y,hours
52,Cheryl Kent,247-63-9120,"72473 Alyssa Grove Suite 442
North Josephview, SC 13045",Y,hours
53,Teresa Flowers,312-14-1592,"182 Lee Union Suite 352
Ellistown, AL 25559",N,miles
54,Joseph Sutton,768-93-8915,"887 Jones Heights
Port Amanda, FM 12438",N,hours
55,Dennis Marshall,092-45-5914,"33316 Debbie Cliff Suite 374
New Aprilchester, DE 10960",Y,miles
56,Brent Villanueva,108-30-7431,"310 Jordan Meadow
Watsonborough, CA 82169",N,hours
57,Sheila Barker,567-96-8183,"24386 Carr Ways
Toddton, NH 91272",N,miles
58,Elizabeth Leonard,076-44-1409,"94545 King Station
Huntershire, WV 10738",N,miles
59,Lindsey Huang,768-13-7650,"9964 Howell Roads Apt. 871
Gardnermouth, IN 89757",N,miles
60,Michelle Rosario,013-75-8487,"3358 Taylor Burgs
Lake Daniel, ME 18651",Y,hours
61,Joseph Crawford,735-37-0229,"213 Hill Pike Apt. 156
West Melissa, NH 37870",N,hours
62,Sharon Garcia,297-64-0668,"412 Lauren Ridge Apt. 013
Jamesmouth, GU 75602",N,hours
63,Theresa Blanchard,600-57-8402,"5952 Veronica Cape
Mcknightfort, MA 12276",N,miles
64,Evelyn Foley,467-93-1024,"9837 Michael Valley Apt. 846
Johnport, KS 42372",Y,hours
65,Joseph Thompson,634-78-6450,"228 John Summit Suite 905
New Tinatown, AL 33775",Y,miles
66,Amy Alvarez,351-43-4174,"778 Chavez Cape
Stephanieshire, CO 29618",Y,hours
67,Joseph Vincent,056-12-6562,"559 Beasley Run Suite 452
Scottmouth, AR 10421",Y,hours
68,Christopher Wright,407-72-8997,"76482 Rachel Squares
Danielview, ND 28759",N,hours
69,Melissa Campbell,102-44-1588,"290 Sharon Viaduct
North Jessica, TN 08472",N,hours
70,Janet Oconnor,046-85-8822,"421 Scott Causeway
Port Jeffreyville, NM 64263",Y,miles
71,Peter Mosley,333-46-0306,"1856 Ariel Bridge
East Kathystad, FL 03832",N,miles
72,Edward Walker,848-41-4226,"0043 Allen Springs
Samuelville, NM 31203",N,miles
73,Jackie Washington,667-83-6285,"3324 Rhonda Extensions
Danielborough, WY 93218",N,hours
74,Stephanie Barnes,692-64-4573,"2549 Jennifer Corners
West Sandra, UT 06842",N,miles
75,Jessica Novak,241-38-5174,"908 White Mills
Hughesborough, DC 72570",N,hours
76,Richard Brown,354-13-7656,"0369 Le Oval Suite 646
Lake Stevenborough, FL 70511",N,miles
77,Glenn Davila,497-36-3303,"0894 Meyers Curve
Michaelmouth, FL 84367",N,hours
78,Gregory Mullins,742-12-3469,"755 Nguyen Oval
Bowmanfurt, MI 84171",N,miles
79,Terri Wise,749-75-6419,"USS Morris
FPO AP 51216",N,hours
80,Stacy Williams,292-56-0560,"36910 Vasquez Coves
Port Sheliamouth, MO 31298",N,hours
81,Nicholas Perkins,375-64-6682,"368 Washington Hollow
Cassandrashire, WA 93630",N,miles
82,Denise Williams,036-59-0127,"637 Patrick Flat Apt. 210
Alexandermouth, KS 07369",Y,hours
83,Katrina Black,411-55-5466,"6151 Douglas Viaduct
West Brian, MT 97733",N,hours
84,John Winters,371-81-3142,"6782 Megan Plain
Andrealand, MT 75601",Y,miles
85,Grant Lozano,306-71-6702,"292 Ramirez Forges
Lake Darren, TN 23170",Y,miles
86,Tiffany Washington,563-88-1704,"USNV Bartlett
FPO AA 04772",N,hours
87,Caitlyn Small DDS,198-45-9802,"4192 Lisa Rapid
Lisaberg, DE 46273",Y,hours
88,Steven Martinez,463-67-5261,"6786 Joshua Key Suite 417
Dawnbury, OH 94562",N,hours
89,Judy Ortega,779-76-6778,"842 Shane Pike Apt. 110
Port Danny, AK 27963",N,hours
90,Phillip Martin,020-65-1067,"73766 Mack Hills Apt. 172
North Michael, VA 44908",N,miles
91,Crystal Elliott,389-42-2503,"10803 Lewis Rue Apt. 031
Port Reginaldport, RI 35028",Y,miles
92,Jessica Daniels,157-08-5423,"USNS Barker
FPO AP 28307",N,hours
93,Jeffrey Johnson,787-54-7757,"49305 Mckay Cliff
West Jessicaburgh, LA 45619",Y,miles
94,Breanna Valdez,336-18-7711,"74138 Black Branch
Andrewfort, FM 55553",N,miles
95,Lucas Ward,488-09-3294,"130 Fischer Skyway
North Linda, OR 45754",N,hours
96,Bianca Torres,299-99-8739,"5618 Cody Hills
Newmanland, MD 44868",Y,miles
97,Christopher Young,750-06-4712,"59127 Thomas Village
Richardtown, UT 55187",N,miles
98,Justin Garcia,817-13-0124,"725 Cody Valley
South Casey, ND 20159",N,miles
99,Megan Moss,094-48-3942,"291 Elizabeth Skyway Suite 148
South Sandra, MO 01733",Y,hours
100,Vanessa Obrien,831-20-0116,"PSC 2414, Box 0139
APO AA 75860",N,hours
101,Annette Miller,680-58-7201,"6381 Boone Glens
North Cameronport, NY 26818",Y,miles
102,Theresa Kelley,857-51-1287,"080 King Well Suite 302
Anthonyton, IA 27526",Y,hours
103,Hannah Scott,238-73-8693,"37057 Ronald Plains
Cynthiachester, IN 71720",N,miles
104,Robin Woods,246-65-3705,"5781 Matthew Mills Apt. 412
New Donaldview, KS 30270",N,hours
105,Joseph Robinson,151-08-2642,"64498 Jennifer Pine Suite 107
Cunninghammouth, AS 11486",Y,hours
106,William Goodman,371-89-2642,"Unit 7341 Box 9534
DPO AP 05207",N,hours
107,Barbara Frazier,192-94-9490,"715 Gould Place Apt. 138
West Amanda, DC 48075",Y,miles
108,Paula Gallagher,005-01-9463,"82165 Adam Gateway
Lake Janiceshire, NM 66327",N,miles
109,Erica Woods,506-64-8573,"8077 Christine Center
Brittanyshire, CT 92855",Y,miles
